<?xml version="1.0" encoding="UTF-8"?>
<GenRun Id="synth_1" LaunchPart="xc7z020clg400-1" LaunchTime="1684499479">
  <File Type="REPORTS-TCL" Name="design_1_wrapper_reports.tcl"/>
  <File Type="PA-TCL" Name="design_1_wrapper.tcl"/>
  <File Type="RDS-DCP" Name="design_1_wrapper.dcp"/>
  <File Type="RDS-RDS" Name="design_1_wrapper.vds"/>
  <FileSet Name="sources" Type="DesignSrcs" RelSrcDir="$PSRCDIR/sources_1">
    <Filter Type="Srcs"/>
    <File Path="$PSRCDIR/sources_1/bd/design_1/design_1.bd">
      <FileInfo>
        <Attr Name="UsedIn" Val="synthesis"/>
        <Attr Name="UsedIn" Val="implementation"/>
        <Attr Name="UsedIn" Val="simulation"/>
      </FileInfo>
    </File>
    <File Path="$PSRCDIR/sources_1/bd/design_1/hdl/design_1_wrapper.v">
      <FileInfo>
        <Attr Name="UsedIn" Val="synthesis"/>
        <Attr Name="UsedIn" Val="implementation"/>
        <Attr Name="UsedIn" Val="simulation"/>
      </FileInfo>
    </File>
    <File Path="$PSRCDIR/sources_1/imports/Kody HDL/kalkulator.v">
      <FileInfo>
        <Attr Name="AutoDisabled" Val="1"/>
        <Attr Name="ImportPath" Val="$PPRDIR/../../../DSW/Project/01_03 Kalkulator z wykorzystaniem PMOD CLS oraz PMOD KYPD/Kody HDL/kalkulator.v"/>
        <Attr Name="ImportTime" Val="1629189740"/>
        <Attr Name="UsedIn" Val="synthesis"/>
        <Attr Name="UsedIn" Val="implementation"/>
        <Attr Name="UsedIn" Val="simulation"/>
      </FileInfo>
    </File>
    <File Path="$PSRCDIR/sources_1/imports/Kody HDL/BIN2BCD.v">
      <FileInfo>
        <Attr Name="AutoDisabled" Val="1"/>
        <Attr Name="ImportPath" Val="$PPRDIR/../../../DSW/Project/01_03 Kalkulator z wykorzystaniem PMOD CLS oraz PMOD KYPD/Kody HDL/BIN2BCD.v"/>
        <Attr Name="ImportTime" Val="1629139627"/>
        <Attr Name="UsedIn" Val="synthesis"/>
        <Attr Name="UsedIn" Val="implementation"/>
        <Attr Name="UsedIn" Val="simulation"/>
      </FileInfo>
    </File>
    <File Path="$PSRCDIR/sources_1/imports/Kody HDL/serial_clock.v">
      <FileInfo>
        <Attr Name="AutoDisabled" Val="1"/>
        <Attr Name="ImportPath" Val="$PPRDIR/../../../DSW/Project/01_03 Kalkulator z wykorzystaniem PMOD CLS oraz PMOD KYPD/Kody HDL/serial_clock.v"/>
        <Attr Name="ImportTime" Val="1629139627"/>
        <Attr Name="UsedIn" Val="synthesis"/>
        <Attr Name="UsedIn" Val="implementation"/>
        <Attr Name="UsedIn" Val="simulation"/>
      </FileInfo>
    </File>
    <File Path="$PSRCDIR/sources_1/imports/Kody HDL/SERIAL_TX_FIFO/serial_tx.v">
      <FileInfo>
        <Attr Name="AutoDisabled" Val="1"/>
        <Attr Name="ImportPath" Val="$PPRDIR/../../../DSW/Project/01_03 Kalkulator z wykorzystaniem PMOD CLS oraz PMOD KYPD/Kody HDL/SERIAL_TX_FIFO/serial_tx.v"/>
        <Attr Name="ImportTime" Val="1629139627"/>
        <Attr Name="UsedIn" Val="synthesis"/>
        <Attr Name="UsedIn" Val="implementation"/>
        <Attr Name="UsedIn" Val="simulation"/>
      </FileInfo>
    </File>
    <File Path="$PSRCDIR/sources_1/imports/Kody HDL/SERIAL_TX_FIFO/serial_tx_fifo.v">
      <FileInfo>
        <Attr Name="AutoDisabled" Val="1"/>
        <Attr Name="ImportPath" Val="$PPRDIR/../../../DSW/Project/01_03 Kalkulator z wykorzystaniem PMOD CLS oraz PMOD KYPD/Kody HDL/SERIAL_TX_FIFO/serial_tx_fifo.v"/>
        <Attr Name="ImportTime" Val="1629139627"/>
        <Attr Name="UsedIn" Val="synthesis"/>
        <Attr Name="UsedIn" Val="implementation"/>
        <Attr Name="UsedIn" Val="simulation"/>
      </FileInfo>
    </File>
    <File Path="$PSRCDIR/sources_1/imports/Kody HDL/PMOD KYPD/debounce.vhd">
      <FileInfo>
        <Attr Name="AutoDisabled" Val="1"/>
        <Attr Name="ImportPath" Val="$PPRDIR/../../../DSW/Project/01_03 Kalkulator z wykorzystaniem PMOD CLS oraz PMOD KYPD/Kody HDL/PMOD KYPD/debounce.vhd"/>
        <Attr Name="ImportTime" Val="1629139627"/>
        <Attr Name="UsedIn" Val="synthesis"/>
        <Attr Name="UsedIn" Val="simulation"/>
      </FileInfo>
    </File>
    <File Path="$PSRCDIR/sources_1/imports/Kody HDL/PMOD KYPD/pmod_keypad.vhd">
      <FileInfo>
        <Attr Name="AutoDisabled" Val="1"/>
        <Attr Name="ImportPath" Val="$PPRDIR/../../../DSW/Project/01_03 Kalkulator z wykorzystaniem PMOD CLS oraz PMOD KYPD/Kody HDL/PMOD KYPD/pmod_keypad.vhd"/>
        <Attr Name="ImportTime" Val="1629139627"/>
        <Attr Name="UsedIn" Val="synthesis"/>
        <Attr Name="UsedIn" Val="simulation"/>
      </FileInfo>
    </File>
    <File Path="$PIPUSERFILESDIR/kalkulator2_ip/component.xml">
      <FileInfo SFType="IPXACT"/>
    </File>
    <Config>
      <Option Name="DesignMode" Val="RTL"/>
      <Option Name="TopModule" Val="design_1_wrapper"/>
    </Config>
  </FileSet>
  <FileSet Name="constrs_in" Type="Constrs" RelSrcDir="$PSRCDIR/constrs_1">
    <Filter Type="Constrs"/>
    <File Path="$PSRCDIR/constrs_1/imports/new/PMOD_CLS.xdc">
      <FileInfo>
        <Attr Name="ImportPath" Val="$PPRDIR/../../../DSW/Project/01_03 Kalkulator z wykorzystaniem PMOD CLS oraz PMOD KYPD/Projekt/PMOD_CLS_KYPD/PMOD_CLS.srcs/constrs_1/new/PMOD_CLS.xdc"/>
        <Attr Name="ImportTime" Val="1629188570"/>
        <Attr Name="UsedIn" Val="synthesis"/>
        <Attr Name="UsedIn" Val="implementation"/>
      </FileInfo>
    </File>
    <Config>
      <Option Name="TargetConstrsFile" Val="$PSRCDIR/constrs_1/imports/new/PMOD_CLS.xdc"/>
      <Option Name="ConstrsType" Val="XDC"/>
    </Config>
  </FileSet>
  <FileSet Name="utils" Type="Utils" RelSrcDir="$PSRCDIR/utils_1">
    <Filter Type="Utils"/>
    <Config>
      <Option Name="TopAutoSet" Val="TRUE"/>
    </Config>
  </FileSet>
  <Strategy Version="1" Minor="2">
    <StratHandle Name="Vivado Synthesis Defaults" Flow="Vivado Synthesis 2020"/>
    <Step Id="synth_design"/>
  </Strategy>
  <BlockFileSet Type="BlockSrcs" Name="design_1_pmod_keypad_0_0"/>
  <BlockFileSet Type="BlockSrcs" Name="design_1_SERIAL_CLOCK_0_0"/>
  <BlockFileSet Type="BlockSrcs" Name="design_1_bin2bcd_0_0"/>
  <BlockFileSet Type="BlockSrcs" Name="design_1_SERIAL_TX_FIFO_0_0"/>
  <BlockFileSet Type="BlockSrcs" Name="design_1_clk_wiz_0_0"/>
  <BlockFileSet Type="BlockSrcs" Name="design_1_kalkulator_0_1"/>
</GenRun>
